strain	Host	Broad_Location	Location	date	PB2_D701_mutation	NA_deletion	GISAID_Accession	Submitting_Lab	doi
A/antarctic_fur_seal/Antarctica/O2904-BR/2024	Antarctic Fur Seal	Antarctica	South Shetland Islands	9/12/2024	701N	NA deletion absent	EPI_ISL_20180699	Instituto Oswaldo Cruz FIOCRUZ - Laboratory of Respiratory Viruses and Measles (LVRS)	
A/antarctic_fur_seal/Antarctica/O3122-BR/2024	Antarctic Fur Seal	Antarctica	South Shetland Islands	4/12/2024	701N	NA deletion absent	EPI_ISL_19879315	Instituto Oswaldo Cruz FIOCRUZ - Laboratory of Respiratory Viruses and Measles (LVRS)	
A/antarctic_fur_seal/Antarctica/O3122-NS/2024	Antarctic Fur Seal	Antarctica	South Shetland Islands	4/12/2024	701N	NA deletion absent	EPI_ISL_20180697	Instituto Oswaldo Cruz FIOCRUZ - Laboratory of Respiratory Viruses and Measles (LVRS)	
A/antarctic_fur_seal/Antarctica/O3122-OR/2024	Antarctic Fur Seal	Antarctica	South Shetland Islands	4/12/2024	701N	NA deletion absent	EPI_ISL_20180698	Instituto Oswaldo Cruz FIOCRUZ - Laboratory of Respiratory Viruses and Measles (LVRS)	
A/antarctic_fur_seal/Antarctica/O2913-BR/2024	Antarctic Fur Seal	Antarctica	South Shetland Islands	12/12/2024	701N	NA deletion absent	EPI_ISL_20180700	Instituto Oswaldo Cruz FIOCRUZ - Laboratory of Respiratory Viruses and Measles (LVRS)	
A/kelp_gull/Antartica/O2601-CL/2024	Kelp Gull	Antarctica	South Shetland Islands	8/1/2024	701N	NA deletion absent	EPI_ISL_19589149	Instituto Oswaldo Cruz FIOCRUZ - Laboratory of Respiratory Viruses and Measles (LVRS)	
A/skua/Antarctica/O3575-OR/2025	Skua sp.	Antarctica	South Shetland Islands	23/2/2025	701N	NA deletion absent	EPI_ISL_20180688	Instituto Oswaldo Cruz FIOCRUZ - Laboratory of Respiratory Viruses and Measles (LVRS)	
A/skua/Antarctica/O3610-OR/2025	Skua sp.	Antarctica	South Shetland Islands	5/3/2025	701N	NA deletion absent	EPI_ISL_20180696	Instituto Oswaldo Cruz FIOCRUZ - Laboratory of Respiratory Viruses and Measles (LVRS)	
A/skua/Antarctica/O3592-CL/2025	Skua sp.	Antarctica	South Shetland Islands	28/2/2025	701N	NA deletion absent	EPI_ISL_20180695	Instituto Oswaldo Cruz FIOCRUZ - Laboratory of Respiratory Viruses and Measles (LVRS)	
A/skua/Antarctica/O3592-OR/2025	Skua sp.	Antarctica	South Shetland Islands	28/2/2025	701D	NA deletion absent	EPI_ISL_20180694	Instituto Oswaldo Cruz FIOCRUZ - Laboratory of Respiratory Viruses and Measles (LVRS)	
A/Brown_Skua/Gough_Island/047354/2024	Brown Skua	sub-Antarctic	Gough Island	20/9/2024	701D	NA deletion absent	EPI_ISL_20151596	Animal and Plant Health Agency (APHA), United Kingdom	
A/Brown_Skua/Gough_Island/047355/2024	Brown Skua	sub-Antarctic	Gough Island	20/9/2024	701D	NA deletion absent	EPI_ISL_20151597	Animal and Plant Health Agency (APHA), United Kingdom	
A/Brown_skua/Hope_Bay/SK02-30/2024	Brown Skua	Antarctica	Hope Bay	18/3/2024	701D	NA deletion absent	EPI_ISL_20179748	Erasmus Medical Center, Rotterdam, Netherlands	
A/Skua/Beak_Island/SK09-147/2024	Skua sp.	Antarctica	Beak Island	20/3/2024	701D	NA deletion absent	EPI_ISL_20179903	Erasmus Medical Center, Rotterdam, Netherlands	
A/Skua/Beak_Island/SK10-155/2024	Skua sp.	Antarctica	Beak Island	20/3/2024	701D	NA deletion absent	EPI_ISL_20180046	Erasmus Medical Center, Rotterdam, Netherlands	
A/Skua/Beak_Island/SK11-164/2024	Skua sp.	Antarctica	Beak Island	20/3/2024	701D	NA deletion absent	EPI_ISL_20180047	Erasmus Medical Center, Rotterdam, Netherlands	
A/Skua/Beak_Island/SK12-173/2024	Skua sp.	Antarctica	Beak Island	20/3/2024	701D	NA deletion absent	EPI_ISL_20180231	Erasmus Medical Center, Rotterdam, Netherlands	
A/Skua/Beak_Island/SK12-174/2024	Skua sp.	Antarctica	Beak Island	20/3/2024	701D	NA deletion absent	EPI_ISL_20180249	Erasmus Medical Center, Rotterdam, Netherlands	
A/Skua/Beak_Island/SK13-180/2024	Skua sp.	Antarctica	Beak Island	21/3/2024	701D	NA deletion absent	EPI_ISL_20180235	Erasmus Medical Center, Rotterdam, Netherlands	
A/Skua/Beak_Island/SK17-184/2024	Skua sp.	Antarctica	Beak Island	21/3/2024	701D	NA deletion absent	EPI_ISL_20180240	Erasmus Medical Center, Rotterdam, Netherlands	
A/Skua/Devil_Island/SK07-51/2024	Skua sp.	Antarctica	Devil Island	19/3/2024	701D	NA deletion absent	EPI_ISL_20179753	Erasmus Medical Center, Rotterdam, Netherlands	
A/Skua/Devil_Island/SK07-52/2024	Skua sp.	Antarctica	Devil Island	19/3/2024	701D	NA deletion absent	EPI_ISL_20180245	Erasmus Medical Center, Rotterdam, Netherlands	
A/South_polar_skua/Beak_Island/SK08-138/2024	South Polar Skua	Antarctica	Beak Island	20/3/2024	701D	NA deletion absent	EPI_ISL_20179757	Erasmus Medical Center, Rotterdam, Netherlands	
A/Antarctic_Fur_Seal/Jason_Harbour/141037/2023	Antarctic Fur Seal	sub-Antarctic	South Georgia Island	9/12/2023	701D	NA deletion absent	EPI_ISL_18742212	Animal and Plant Health Agency (APHA), United Kingdom	
A/Antarctic_tern/King_Edward_Point/141271/2023	Antarctic Tern	sub-Antarctic	South Georgia Island	6/12/2023	701D	NA deletion absent	EPI_ISL_18742220	Animal and Plant Health Agency (APHA), United Kingdom	
A/brown_skua/Kerguelen/24P023446/2024	Brown Skua	sub-Antarctic	Kerguelen Island	1/12/2024	701D	NA deletion absent	EPI_ISL_19747220	ANSES Agence Nationale De Securite Sanitaire De LÕalimentation, Ploufragan, France	
A/southern_elephant_seal/Kerguelen/24P023439/2024	Southern Elephant Seal	sub-Antarctic	Kerguelen Island	1/12/2024	701D	NA deletion absent	EPI_ISL_19747217	ANSES Agence Nationale De Securite Sanitaire De LÕalimentation, Ploufragan, France	
A/kelp_gull/Kerguelen/24P023440/2024	Kelp Gull	sub-Antarctic	Kerguelen Island	1/12/2024	701D	NA deletion absent	EPI_ISL_19747219	ANSES Agence Nationale De Securite Sanitaire De LÕalimentation, Ploufragan, France	
A/southern_elephant_seal/Kerguelen/24P023433/2024	Southern Elephant Seal	sub-Antarctic	Kerguelen Island	1/12/2024	701D	NA deletion absent	EPI_ISL_19747218	ANSES Agence Nationale De Securite Sanitaire De LÕalimentation, Ploufragan, France	
A/brown_skua/Crozet/24P023412/2024	Brown Skua	sub-Antarctic	Crozet	14/11/2024	701D	NA deletion absent	EPI_ISL_19747215	ANSES Agence Nationale De Securite Sanitaire De LÕalimentation, Ploufragan, France	
A/king_penguin/Crozet/24P021412/2024	King Penguin	sub-Antarctic	Crozet	20/10/2024	701D	NA deletion absent	EPI_ISL_19747201	ANSES Agence Nationale De Securite Sanitaire De LÕalimentation, Ploufragan, France	
A/southern_elephant_seal/Crozet/24P021407/2024	Southern Elephant Seal	sub-Antarctic	Crozet	20/10/2024	701D	NA deletion absent	EPI_ISL_19747200	ANSES Agence Nationale De Securite Sanitaire De LÕalimentation, Ploufragan, France	
A/southern_elephant_seal/Crozet/24P021417/2024	Southern Elephant Seal	sub-Antarctic	Crozet	20/10/2024	701D	NA deletion absent	EPI_ISL_19747211	ANSES Agence Nationale De Securite Sanitaire De LÕalimentation, Ploufragan, France	
A/southern_elephant_seal/Crozet/24P021404/2024	Southern Elephant Seal	sub-Antarctic	Crozet	20/10/2024	701D	NA deletion absent	EPI_ISL_19747199	ANSES Agence Nationale De Securite Sanitaire De LÕalimentation, Ploufragan, France	
A/southern_elephant_seal/Crozet/24P021415/2024	Southern Elephant Seal	sub-Antarctic	Crozet	20/10/2024	701D	NA deletion absent	EPI_ISL_19747210	ANSES Agence Nationale De Securite Sanitaire De LÕalimentation, Ploufragan, France	
A/southern_elephant_seal/Crozet/24P021420/2024	Southern Elephant Seal	sub-Antarctic	Crozet	27/10/2024	701D	NA deletion absent	EPI_ISL_19747204	ANSES Agence Nationale De Securite Sanitaire De LÕalimentation, Ploufragan, France	
A/southern_elephant_seal/Crozet/24P021422/2024	Southern Elephant Seal	sub-Antarctic	Crozet	27/10/2024	701D	NA deletion absent	EPI_ISL_19747205	ANSES Agence Nationale De Securite Sanitaire De LÕalimentation, Ploufragan, France	
A/king_penguin/Crozet/24P021416/2024	King Penguin	sub-Antarctic	Crozet	20/10/2024	701D	NA deletion absent	EPI_ISL_19747202	ANSES Agence Nationale De Securite Sanitaire De LÕalimentation, Ploufragan, France	
A/cape_petrel/Crozet/24P023427/2024	Cape Petrel	sub-Antarctic	Crozet	22/11/2024	701D	NA deletion absent	EPI_ISL_19747216	ANSES Agence Nationale De Securite Sanitaire De LÕalimentation, Ploufragan, France	
A/southern_elephant_seal/Crozet/24P023417/2024	Southern Elephant Seal	sub-Antarctic	Crozet	12/11/2024	701D	NA deletion absent	EPI_ISL_19747208	ANSES Agence Nationale De Securite Sanitaire De LÕalimentation, Ploufragan, France	
A/southern_elephant_seal/Crozet/24P023403/2024	Southern Elephant Seal	sub-Antarctic	Crozet	6/11/2024	701D	NA deletion absent	EPI_ISL_19747207	ANSES Agence Nationale De Securite Sanitaire De LÕalimentation, Ploufragan, France	
A/king_penguin/Crozet/24P023414/2024	King Penguin	sub-Antarctic	Crozet	11/11/2024	701D	NA deletion absent	EPI_ISL_19747214	ANSES Agence Nationale De Securite Sanitaire De LÕalimentation, Ploufragan, France	
A/southern_elephant_seal/Crozet/24P023419/2024	Southern Elephant Seal	sub-Antarctic	Crozet	12/11/2024	701D	NA deletion absent	EPI_ISL_19747209	ANSES Agence Nationale De Securite Sanitaire De LÕalimentation, Ploufragan, France	
A/southern_elephant_seal/Crozet/24P023422/2024	Southern Elephant Seal	sub-Antarctic	Crozet	16/11/2024	701D	NA deletion absent	EPI_ISL_19747203	ANSES Agence Nationale De Securite Sanitaire De LÕalimentation, Ploufragan, France	
A/king_penguin/Crozet/24P023407/2024	King Penguin	sub-Antarctic	Crozet	8/11/2024	701D	NA deletion absent	EPI_ISL_19747212	ANSES Agence Nationale De Securite Sanitaire De LÕalimentation, Ploufragan, France	
A/southern_elephant_seal/Crozet/24P023401/2024	Southern Elephant Seal	sub-Antarctic	Crozet	7/11/2024	701D	NA deletion absent	EPI_ISL_19747206	ANSES Agence Nationale De Securite Sanitaire De LÕalimentation, Ploufragan, France	
A/southern_elephant_seal/Crozet/24P021402/2024	Southern Elephant Seal	sub-Antarctic	Crozet	20/10/2024	701D	NA deletion absent	EPI_ISL_19747197	ANSES Agence Nationale De Securite Sanitaire De LÕalimentation, Ploufragan, France	
A/southern_elephant_seal/Crozet/24P021403/2024	Southern Elephant Seal	sub-Antarctic	Crozet	20/10/2024	701D	NA deletion absent	EPI_ISL_19747198	ANSES Agence Nationale De Securite Sanitaire De LÕalimentation, Ploufragan, France	
A/king_penguin/Crozet/24P023398/2024	King Penguin	sub-Antarctic	Crozet	7/11/2024	701D	NA deletion absent	EPI_ISL_19747213	ANSES Agence Nationale De Securite Sanitaire De LÕalimentation, Ploufragan, France	
A/brown_skua/Kerguelen/24P023443/2024	Brown Skua	sub-Antarctic	Kerguelen Island	2/12/2024	701D	NA deletion absent	EPI_ISL_19747221	ANSES Agence Nationale De Securite Sanitaire De LÕalimentation, Ploufragan, France	
A/Brown_skua/Fildes_Peninsula/B1/2024	Brown Skua	Antarctica	South Shetland Islands	10/12/2024	701D	NA deletion present	EPI_ISL_19847535	Wuhan Institute of Virology, Chinese Academy of Sciences	
A/Brown_skua/Fildes_Peninsula/B3/2024	Brown Skua	Antarctica	South Shetland Islands	26/12/2024	701D	NA deletion present	EPI_ISL_19847538	Wuhan Institute of Virology, Chinese Academy of Sciences	
A/Brown_skua/Fildes_Peninsula/B2/2024	Brown Skua	Antarctica	South Shetland Islands	25/12/2024	701D	NA deletion present	EPI_ISL_19847536	Wuhan Institute of Virology, Chinese Academy of Sciences	
A/Brown_skua/Fildes_Peninsula/F4/2024	Brown Skua	Antarctica	South Shetland Islands	26/12/2024	701D	NA deletion present	EPI_ISL_19847539	Wuhan Institute of Virology, Chinese Academy of Sciences	
A/Brown_skua/Torgersen_Island/o8182/2024	Brown Skua	Antarctica	Torgersen Island	1/12/2024	701D	NA deletion present	EPI_ISL_19745586	Animal Health Laboratory, Upper Hut, New Zealand	
A/Antarctic_tern/King_Edward_Point/141271/2023	Antarctic Tern	sub-Antarctic	South Georgia Island	6/12/2023	701D	NA deletion absent	EPI_ISL_18742220	Animal and Plant Health Agency (APHA), United Kingdom	
A/Brown_Skua/Bird_Island/141232/2023	Brown Skua	sub-Antarctic	South Georgia Island	11/11/2023	701D	NA deletion absent	EPI_ISL_18742214	Animal and Plant Health Agency (APHA), United Kingdom	
A/Brown_Skua/Penguin_River/141236/2023	Brown Skua	sub-Antarctic	South Georgia Island	8/11/2023	701D	NA deletion absent	EPI_ISL_18742216	Animal and Plant Health Agency (APHA), United Kingdom	
A/Kelp_Gull/Penguin_River/141239/2023	Kelp Gull	sub-Antarctic	South Georgia Island	8/11/2023	701D	NA deletion absent	EPI_ISL_18742217	Animal and Plant Health Agency (APHA), United Kingdom	
A/South_Georgia_Shag/King_Edward_Cove/141245/2023	South Georgia Shag	sub-Antarctic	South Georgia Island	27/11/2023	701D	NA deletion absent	EPI_ISL_18742219	Animal and Plant Health Agency (APHA), United Kingdom	
A/Kelp_Gull/Penguin_River/141234/2023	Kelp Gull	sub-Antarctic	South Georgia Island	8/11/2023	701D	NA deletion absent	EPI_ISL_18742215	Animal and Plant Health Agency (APHA), United Kingdom	
A/Brown_skua/Bird_Island/128287/2023	Brown Skua	sub-Antarctic	South Georgia Island	8/10/2023	701D	NA deletion absent	EPI_ISL_18439562	Animal and Plant Health Agency (APHA), United Kingdom	
A/Brown_skua/Bird_Island/128288/2023	Brown Skua	sub-Antarctic	South Georgia Island	8/10/2023	701D	NA deletion absent	EPI_ISL_18439563	Animal and Plant Health Agency (APHA), United Kingdom	
A/Brown_skua/Bird_Island/128289/2023	Brown Skua	sub-Antarctic	South Georgia Island	8/10/2023	701D	NA deletion absent	EPI_ISL_18439564	Animal and Plant Health Agency (APHA), United Kingdom	
A/Southern_Elephant_Seal/Jason_Harbour/141027/2023	Southern Elephant Seal	sub-Antarctic	South Georgia Island	9/12/2023	701D	NA deletion absent	EPI_ISL_18742221	Animal and Plant Health Agency (APHA), United Kingdom	
A/Brown_Skua/Hound_Bay/133949/2023	Brown Skua	sub-Antarctic	South Georgia Island	30/10/2023	701D	NA deletion absent	EPI_ISL_18592429	Animal and Plant Health Agency (APHA), United Kingdom	
A/Brown_Skua/Moltke_Harbour/133752/2023	Brown Skua	sub-Antarctic	South Georgia Island	31/10/2023	701D	NA deletion absent	EPI_ISL_18592424	Animal and Plant Health Agency (APHA), United Kingdom	
A/Brown_Skua/Hound_Bay/133947/2023	Brown Skua	sub-Antarctic	South Georgia Island	30/10/2023	701D	NA deletion absent	EPI_ISL_18592428	Animal and Plant Health Agency (APHA), United Kingdom	
A/Kelp_Gull/Harpon_Bay/133943/2023	Kelp Gull	sub-Antarctic	South Georgia Island	3/11/2023	701N	NA deletion absent	EPI_ISL_18592427	Animal and Plant Health Agency (APHA), United Kingdom	
A/Kelp_Gull/Hound_Bay/133744/2023	Kelp Gull	sub-Antarctic	South Georgia Island	30/10/2023	701D	NA deletion absent	EPI_ISL_18592422	Animal and Plant Health Agency (APHA), United Kingdom	
A/Southern_Elephant_Seal/Jason_Harbour/141078/2023	Southern Elephant Seal	sub-Antarctic	South Georgia Island	9/12/2023	701D	NA deletion absent	EPI_ISL_18742213	Animal and Plant Health Agency (APHA), United Kingdom	
A/Kelp_Gull/Hound_Bay/133747/2023	Kelp Gull	sub-Antarctic	South Georgia Island	30/10/2023	701D	NA deletion absent	EPI_ISL_18592423	Animal and Plant Health Agency (APHA), United Kingdom	
A/Kelp_Gull/Moltke_Harbour/133754/2023	Kelp Gull	sub-Antarctic	South Georgia Island	31/10/2023	701D	NA deletion absent	EPI_ISL_18592425	Animal and Plant Health Agency (APHA), United Kingdom	
A/Brown_Skua/Penguin_River/141240/2023	Brown Skua	sub-Antarctic	South Georgia Island	8/11/2023	701D	NA deletion absent	EPI_ISL_18742218	Animal and Plant Health Agency (APHA), United Kingdom	
A/Brown_Skua/Moltke_Harbour/133755/2023	Brown Skua	sub-Antarctic	South Georgia Island	31/10/2023	701D	NA deletion absent	EPI_ISL_18592426	Animal and Plant Health Agency (APHA), United Kingdom	
A/South_polar_skua/Antarctica/INACH-UC-UCHILE-SKU1/2024	South Polar Skua	Antarctica	James Ross Island	3/3/2024	701D	NA deletion absent	EPI_ISL_18592426	Emory University (CEIRR), Atlanta, USA	
A/South_polar_skua/Antarctica/INACH-UC-UCHILE-SKU2/2024	South Polar Skua	Antarctica	James Ross Island	3/3/2024	701D	NA deletion absent	EPI_ISL_19410262	Emory University (CEIRR), Atlanta, USA	
A/South_polar_skua/Antarctica/INACH-UC-UCHILE-SKU3/2024	South Polar Skua	Antarctica	James Ross Island	3/3/2024	701D	NA deletion absent	EPI_ISL_19410263	Emory University (CEIRR), Atlanta, USA	
A/South_polar_skua/Antarctica/INACH-UC-UCHILE-SKU4/2024	South Polar Skua	Antarctica	James Ross Island	3/3/2024	701D	NA deletion absent	EPI_ISL_19410264	Emory University (CEIRR), Atlanta, USA	
A/South_polar_skua/Antarctica/INACH-UC-UCHILE-SKU5/2024	South Polar Skua	Antarctica	James Ross Island	3/3/2024	701D	NA deletion absent	EPI_ISL_19410265	Emory University (CEIRR), Atlanta, USA	
A/South_polar_skua/Antarctica/INACH-UC-UCHILE-SKU5L/2024	South Polar Skua	Antarctica	James Ross Island	3/3/2024	701D	NA deletion absent	EPI_ISL_19410266	Emory University (CEIRR), Atlanta, USA	
A/Brown_Skua/Torgersen_Island/o81-b82/2024	Brown Skua	Antarctica	Torgersen Island	17/12/2024	701D	NA deletion present	EPI_ISL_19645365	Animal Health Laboratory, Upper Hut, New Zealand	
_A/sea_lion/Atacama/242444-1/2023		South America 	South America 	13/3/2023		NA deletion absent	EPI_ISL_19391462		
A/sea_lion/Tarapaca/245719-10/2023		South America 	South America 	30/3/2023		NA deletion absent	EPI_ISL_19410279		
_A/Sanderling/Arica_y_Parinacota/240265/2023		South America 	South America 	3/3/2023		NA deletion absent	EPI_ISL_17885978		
A/Pelican/Antofagasta/228246-2/2022		South America 	South America 	15/12/2022		NA deletion absent	EPI_ISL_17885934		
A/chicken/Atacama/235254-2/2023		South America 	South America 	4/2/2023		NA deletion absent	EPI_ISL_18760074		
A/black_skimmer/Chile/C61962/2022		South America 	South America 	2/12/2022		NA deletion absent	EPI_ISL_16891402		
A/environment/Chile/C62044/2022		South America 	South America 	13/12/2022		NA deletion absent	EPI_ISL_19167924		
A/Chile/25945/2023		South America 	South America 	24/3/2023		NA deletion absent	EPI_ISL_17468386		
A/Guanay_cormorant/Peru/PIU-SER024/2022		South America 	South America 	24/11/2022		NA deletion absent	EPI_ISL_18265434 	Servicio Nacional Forestal y de Fauna Silvestre (SERFOR), Lima, Peru	
A/Sanderling/Peru/PIU-SER005/2022		South America 	South America 	22/11/2022		NA deletion absent	EPI_ISL_18054501 		
A/pinniped/Uruguay/P4_6923/2023		South America 	South America 	6/9/2023		NA deletion absent	EPI_ISL_19070498		
A/pinniped/Uruguay/P10_8923/2023		South America 	South America 	8/9/2023		NA deletion absent	EPI_ISL_19070481		
A/pinniped/Uruguay/P13_11923/2023		South America 	South America 	11/9/2023		NA deletion absent	EPI_ISL_19070482		
A/pinniped/Uruguay/P14_11923/2023		South America 	South America 	11/9/2023		NA deletion absent	EPI_ISL_19070483		
A/royal_tern/Argentina/CH-PD036/2023		South America 	South America 	10/10/2023		NA deletion absent	EPI_ISL_19466181		
A/Sea_Lion/Argentina/3893-1/2023		South America 	South America 	11/8/2023		NA deletion absent	EPI_ISL_18698755		
_A/South_American_sea_lion/Argentina/RN-PB011/2023		South America 	South America 	26/8/2023		NA deletion absent	EPI_ISL_18945317		
A/southern_elephant_seal/Argentina/CH-PD035/2023		South America 	South America 	10/10/2023		NA deletion absent	EPI_ISL_19466183		
_A/South_American_tern/Argentina/CH-PD030/2023		South America 	South America 	10/10/2023		NA deletion absent	EPI_ISL_19466158		
A/South_American_tern/Argentina/CH-PD037/2023		South America 	South America 	10/10/2023		NA deletion absent	EPI_ISL_19466210		
A/Procellaria_aequinoctialis/Sao_Paulo/2259-N/2023		South America 	South America 	9/11/2023		NA deletion absent	EPI_ISL_19215182		
_A/South_American_sea_lion/Argentina/RN-PB007/2023		South America 	South America 	26/8/2023		NA deletion absent	EPI_ISL_18945319		
A/kelp_gull/South_Shetland_Islands/10272/2024	Kelp Gull	Antarctica	South Shetland Islands	8/1/2024	701D	NA deletion absent	EPI_ISL_19589149	Laboratory of Respiratory Viruses and Measles, Oswaldo Cruz Institution, Oswaldo Cruz Foundation 	
A/Southern_fulmar/Falkland_Islands/133789/2023	Southern Fulmar	South Atlantic	Falkland Island	30/10/2023	701D	NA deletion absent	EPI_ISL_18522961 	Animal and Plant Health Agency (APHA), United Kingdom	
A/Black_Skimmer/Maule/240379/2023		South America 	South America 	6/3/2023		NA deletion absent	EPI_ISL_17885849 	CEIRS Data Processing and Coordinating Center, Center for Research on Influenza Pathogenesis (CRIP), New York, USA	
A/chicken/Metropolitana/243148-1/2023		South America 	South America 	20/3/2023		NA deletion absent	EPI_ISL_18760060	Emory University (CEIRR), Atlanta, USA	
A/chicken/OHiggins/241252-1/2023		South America 	South America 	12/3/2023		NA deletion absent	EPI_ISL_17885872	CEIRS Data Processing and Coordinating Center, Center for Research on Influenza Pathogenesis (CRIP), New York, USA	
A/chicken/OHiggins/241252-3/2023		South America 	South America 	12/3/2023		NA deletion absent	EPI_ISL_17885871 	CEIRS Data Processing and Coordinating Center, Center for Research on Influenza Pathogenesis (CRIP), New York, USA	
A/chicken/OHiggins/241252-6/2023		South America 	South America 	12/3/2023		NA deletion absent	EPI_ISL_17885870	CEIRS Data Processing and Coordinating Center, Center for Research on Influenza Pathogenesis (CRIP), New York, USA	
A/bobcat/Wisconsin/22-016051-001/2022		North America	South America 	24/5/2022		NA deletion absent			
A/pintado_petrel/Antarctica/O3121-CL/2024	Cape Petrel	Antarctica	South Shetland Islands	3/12/2024	701D	NA deletion present	EPI_ISL_19879314	Laboratory of Respiratory Viruses and Measles, Oswaldo Cruz Institution, Oswaldo Cruz Foundation 	
A/pintado_petrel/Antarctica/O3121-OR/2024	Cape Petrel	Antarctica	South Shetland Islands	3/12/2024	701D	NA deletion present	EPI_ISL_19879313	Laboratory of Respiratory Viruses and Measles, Oswaldo Cruz Institution, Oswaldo Cruz Foundation 	
A/skua/Antarctica/O3577-CL/2025	Skua sp.	Antarctica	South Shetland Islands	25/2/2025	701D	NA deletion present	EPI_ISL_20180690	Instituto Oswaldo Cruz FIOCRUZ - Laboratory of Respiratory Viruses and Measles (LVRS)	
A/skua/Antarctica/O3577-OR/2025	Skua sp.	Antarctica	South Shetland Islands	25/2/2025	701D	NA deletion present	EPI_ISL_20180689	Instituto Oswaldo Cruz FIOCRUZ - Laboratory of Respiratory Viruses and Measles (LVRS)	
A/skua/Antarctica/O3588-CL/2025	Skua sp.	Antarctica	South Shetland Islands	28/2/2025	701D	NA deletion present	EPI_ISL_20180691	Instituto Oswaldo Cruz FIOCRUZ - Laboratory of Respiratory Viruses and Measles (LVRS)	
A/skua/Antarctica/O3589-CL/2025	Skua sp.	Antarctica	South Shetland Islands	28/2/2025	701D	NA deletion present	EPI_ISL_20180693	Instituto Oswaldo Cruz FIOCRUZ - Laboratory of Respiratory Viruses and Measles (LVRS)	
A/skua/Antarctica/O3589-OR/2025	Skua sp.	Antarctica	South Shetland Islands	28/2/2025	701D	NA deletion present	EPI_ISL_20180692	Instituto Oswaldo Cruz FIOCRUZ - Laboratory of Respiratory Viruses and Measles (LVRS)	
A/skua/Curverville/INT.OE5.147/2024	Skua sp.	Antarctica	Curverville	11/12/2024	701D	NA deletion present		WHO Collaborating Centre for Reference and Research on Influenza, Melbourne Australia	
A/skua/Curverville/INT.OE5.146/2024	Skua sp.	Antarctica	Curverville	11/12/2024	701D	NA deletion present		WHO Collaborating Centre for Reference and Research on Influenza, Melbourne Australia	
A/skua/Curverville/INT.OE5.267/2024	Skua sp.	Antarctica	Curverville	2/12/2024	701D	NA deletion present		WHO Collaborating Centre for Reference and Research on Influenza, Melbourne Australia	
A/skua/Curverville/INT.OE5.266/2024	Skua sp.	Antarctica	Curverville	2/12/2024	701D	NA deletion present		WHO Collaborating Centre for Reference and Research on Influenza, Melbourne Australia	
A/skua/Curverville/INT.OE5.273/2025	Skua sp.	Antarctica	Curverville	2/1/2025	701D	NA deletion present		WHO Collaborating Centre for Reference and Research on Influenza, Melbourne Australia	
A/skua/Curverville/INT.OE5.275/2025	Skua sp.	Antarctica	Curverville	2/1/2025	701D	NA deletion present		WHO Collaborating Centre for Reference and Research on Influenza, Melbourne Australia	
A/skua/Curverville/INT.OE5.271/2025	Skua sp.	Antarctica	Curverville	2/1/2025	701D	NA deletion present		WHO Collaborating Centre for Reference and Research on Influenza, Melbourne Australia	
A/skua/Curverville/INT.OE5.281/2025	Skua sp.	Antarctica	Curverville	2/1/2025	701D	NA deletion present		WHO Collaborating Centre for Reference and Research on Influenza, Melbourne Australia	
A/skua/Curverville/INT.OE5.278/2025	Skua sp.	Antarctica	Curverville	2/1/2025	701D	NA deletion present		WHO Collaborating Centre for Reference and Research on Influenza, Melbourne Australia	
A/skua/Curverville/INT.OE5.150/2024	Skua sp.	Antarctica	Curverville	11/12/2024	701D	NA deletion present		WHO Collaborating Centre for Reference and Research on Influenza, Melbourne Australia	
A/skua/Curverville/INT.OE5.148/2024	Skua sp.	Antarctica	Curverville	11/12/2024	701D	NA deletion present		WHO Collaborating Centre for Reference and Research on Influenza, Melbourne Australia	
A/skua/Curverville/INT.OE5.149/2024	Skua sp.	Antarctica	Curverville	11/12/2024	701D	NA deletion present		WHO Collaborating Centre for Reference and Research on Influenza, Melbourne Australia	
A/skua/Yalours/INT.OE5.379/2025	Skua sp.	Antarctica	Yalours	11/2/2025	701D	NA deletion present		WHO Collaborating Centre for Reference and Research on Influenza, Melbourne Australia	
